orderID,productID,unitPrice,quantity,discount,lineTotal
10248,11,14.0,12,0.0,168.0
10248,42,9.8,10,0.0,98.0
10248,72,34.8,5,0.0,174.0
10249,14,18.6,9,0.0,167.4
10249,51,42.4,40,0.0,1696.0
10250,41,7.7,10,0.0,77.0
10250,51,42.4,35,0.15,1261.3999999999999
10250,65,16.8,15,0.15,214.2
10251,22,16.8,6,0.05,95.76
10251,57,15.6,15,0.05,222.29999999999998
10251,65,16.8,20,0.0,336.0
10252,20,64.8,40,0.05,2462.4
10252,33,2.0,25,0.05,47.5
10252,60,27.2,40,0.0,1088.0
10253,31,10.0,20,0.0,200.0
10253,39,14.4,42,0.0,604.8000000000001
10253,49,16.0,40,0.0,640.0
10254,24,3.6,15,0.15,45.9
10254,55,19.2,21,0.15,342.71999999999997
10254,74,8.0,21,0.0,168.0
10255,2,15.2,20,0.0,304.0
10255,16,13.9,35,0.0,486.5
10255,36,15.2,25,0.0,380.0
10255,59,44.0,30,0.0,1320.0
10256,53,26.2,15,0.0,393.0
10256,77,10.4,12,0.0,124.80000000000001
10257,27,35.1,25,0.0,877.5
10257,39,14.4,6,0.0,86.4
10257,77,10.4,15,0.0,156.0
10258,2,15.2,50,0.2,608.0
10258,5,17.0,65,0.2,884.0
10258,32,25.6,6,0.2,122.88000000000002
10259,21,8.0,10,0.0,80.0
10259,37,20.8,1,0.0,20.8
10260,41,7.7,16,0.25,92.4
10260,57,15.6,50,0.0,780.0
10260,62,39.4,15,0.25,443.25
10260,70,12.0,21,0.25,189.0
10261,21,8.0,20,0.0,160.0
10261,35,14.4,20,0.0,288.0
10262,5,17.0,12,0.2,163.20000000000002
10262,7,24.0,15,0.0,360.0
10262,56,30.4,2,0.0,60.8
10263,16,13.9,60,0.25,625.5
10263,24,3.6,28,0.0,100.8
10263,30,20.7,60,0.25,931.5
10263,74,8.0,36,0.25,216.0
10264,2,15.2,35,0.0,532.0
10264,41,7.7,25,0.15,163.625
10265,17,31.2,30,0.0,936.0
10265,70,12.0,20,0.0,240.0
10266,12,30.4,12,0.05,346.55999999999995
10267,40,14.7,50,0.0,735.0
10267,59,44.0,70,0.15,2618.0
10267,76,14.4,15,0.15,183.6
10268,29,99.0,10,0.0,990.0
10268,72,27.8,4,0.0,111.2
10269,33,2.0,60,0.05,114.0
10269,72,27.8,20,0.05,528.1999999999999
10270,36,15.2,30,0.0,456.0
10270,43,36.8,25,0.0,919.9999999999999
10271,33,2.0,24,0.0,48.0
10272,20,64.8,6,0.0,388.79999999999995
10272,31,10.0,40,0.0,400.0
10272,72,27.8,24,0.0,667.2
10273,10,24.8,24,0.05,565.44
10273,31,10.0,15,0.05,142.5
10273,33,2.0,20,0.0,40.0
10273,40,14.7,60,0.05,837.9
10273,76,14.4,33,0.05,451.43999999999994
10274,71,17.2,20,0.0,344.0
10274,72,27.8,7,0.0,194.6
10275,24,3.6,12,0.05,41.04
10275,59,44.0,6,0.05,250.79999999999998
10276,10,24.8,15,0.0,372.0
10276,13,4.8,10,0.0,48.0
10277,28,36.4,20,0.0,728.0
10277,62,39.4,12,0.0,472.79999999999995
10278,44,15.5,16,0.0,248.0
10278,59,44.0,15,0.0,660.0
10278,63,35.1,8,0.0,280.8
10278,73,12.0,25,0.0,300.0
10279,17,31.2,15,0.25,351.0
10280,24,3.6,12,0.0,43.2
10280,55,19.2,20,0.0,384.0
10280,75,6.2,30,0.0,186.0
10281,19,7.3,1,0.0,7.3
10281,24,3.6,6,0.0,21.6
10281,35,14.4,4,0.0,57.6
10282,30,20.7,6,0.0,124.19999999999999
10282,57,15.6,2,0.0,31.2
10283,15,12.4,20,0.0,248.0
10283,19,7.3,18,0.0,131.4
10283,60,27.2,35,0.0,952.0
10283,72,27.8,3,0.0,83.4
10284,27,35.1,15,0.25,394.875
10284,44,15.5,21,0.0,325.5
10284,60,27.2,20,0.25,408.0
10284,67,11.2,5,0.25,42.0
10285,1,14.4,45,0.2,518.4
10285,40,14.7,40,0.2,470.40000000000003
10285,53,26.2,36,0.2,754.56
10286,35,14.4,100,0.0,1440.0
10286,62,39.4,40,0.0,1576.0
10287,16,13.9,40,0.15,472.59999999999997
10287,34,11.2,20,0.0,224.0
10287,46,9.6,15,0.15,122.39999999999999
10288,54,5.9,10,0.1,53.1
10288,68,10.0,3,0.1,27.0
10289,3,8.0,30,0.0,240.0
10289,64,26.6,9,0.0,239.4
10290,5,17.0,20,0.0,340.0
10290,29,99.0,15,0.0,1485.0
10290,49,16.0,15,0.0,240.0
10290,77,10.4,10,0.0,104.0
10291,13,4.8,20,0.1,86.4
10291,44,15.5,24,0.1,334.8
10291,51,42.4,2,0.1,76.32
10292,20,64.8,20,0.0,1296.0
10293,18,50.0,12,0.0,600.0
10293,24,3.6,10,0.0,36.0
10293,63,35.1,5,0.0,175.5
10293,75,6.2,6,0.0,37.2
10294,1,14.4,18,0.0,259.2
10294,17,31.2,15,0.0,468.0
10294,43,36.8,15,0.0,552.0
10294,60,27.2,21,0.0,571.1999999999999
10294,75,6.2,6,0.0,37.2
10295,56,30.4,4,0.0,121.6
10296,11,16.8,12,0.0,201.60000000000002
10296,16,13.9,30,0.0,417.0
10296,69,28.8,15,0.0,432.0
10297,39,14.4,60,0.0,864.0
10297,72,27.8,20,0.0,556.0
10298,2,15.2,40,0.0,608.0
10298,36,15.2,40,0.25,456.0
10298,59,44.0,30,0.25,990.0
10298,62,39.4,15,0.0,591.0
10299,19,7.3,15,0.0,109.5
10299,70,12.0,20,0.0,240.0
10300,66,13.6,30,0.0,408.0
10300,68,10.0,20,0.0,200.0
10301,40,14.7,10,0.0,147.0
10301,56,30.4,20,0.0,608.0
10302,17,31.2,40,0.0,1248.0
10302,28,36.4,28,0.0,1019.1999999999999
10302,43,36.8,12,0.0,441.59999999999997
10303,40,14.7,40,0.1,529.2
10303,65,16.8,30,0.1,453.6
10303,68,10.0,15,0.1,135.0
10304,49,16.0,30,0.0,480.0
10304,59,44.0,10,0.0,440.0
10304,71,17.2,2,0.0,34.4
10305,18,50.0,25,0.1,1125.0
10305,29,99.0,25,0.1,2227.5
10305,39,14.4,30,0.1,388.8
10306,30,20.7,10,0.0,207.0
10306,53,26.2,10,0.0,262.0
10306,54,5.9,5,0.0,29.5
10307,62,39.4,10,0.0,394.0
10307,68,10.0,3,0.0,30.0
10308,69,28.8,1,0.0,28.8
10308,70,12.0,5,0.0,60.0
10309,4,17.6,20,0.0,352.0
10309,6,20.0,30,0.0,600.0
10309,42,11.2,2,0.0,22.4
10309,43,36.8,20,0.0,736.0
10309,71,17.2,3,0.0,51.599999999999994
10310,16,13.9,10,0.0,139.0
10310,62,39.4,5,0.0,197.0
10311,42,11.2,6,0.0,67.19999999999999
10311,69,28.8,7,0.0,201.6
10312,28,36.4,4,0.0,145.6
10312,43,36.8,24,0.0,883.1999999999999
10312,53,26.2,20,0.0,524.0
10312,75,6.2,10,0.0,62.0
10313,36,15.2,12,0.0,182.39999999999998
10314,32,25.6,40,0.1,921.6
10314,58,10.6,30,0.1,286.2
10314,62,39.4,25,0.1,886.5
10315,34,11.2,14,0.0,156.79999999999998
10315,70,12.0,30,0.0,360.0
10316,41,7.7,10,0.0,77.0
10316,62,39.4,70,0.0,2758.0
10317,1,14.4,20,0.0,288.0
10318,41,7.7,20,0.0,154.0
10318,76,14.4,6,0.0,86.4
10319,17,31.2,8,0.0,249.6
10319,28,36.4,14,0.0,509.59999999999997
10319,76,14.4,30,0.0,432.0
10320,71,17.2,30,0.0,516.0
10321,35,14.4,10,0.0,144.0
10322,52,5.6,20,0.0,112.0
10323,15,12.4,5,0.0,62.0
10323,25,11.2,4,0.0,44.8
10323,39,14.4,4,0.0,57.6
10324,16,13.9,21,0.15,248.115
10324,35,14.4,70,0.15,856.8
10324,46,9.6,30,0.0,288.0
10324,59,44.0,40,0.15,1496.0
10324,63,35.1,80,0.15,2386.7999999999997
10325,6,20.0,6,0.0,120.0
10325,13,4.8,12,0.0,57.599999999999994
10325,14,18.6,9,0.0,167.4
10325,31,10.0,4,0.0,40.0
10325,72,27.8,40,0.0,1112.0
10326,4,17.6,24,0.0,422.40000000000003
10326,57,15.6,16,0.0,249.6
10326,75,6.2,50,0.0,310.0
10327,2,15.2,25,0.2,304.0
10327,11,16.8,50,0.2,672.0
10327,30,20.7,35,0.2,579.6
10327,58,10.6,30,0.2,254.4
10328,59,44.0,9,0.0,396.0
10328,65,16.8,40,0.0,672.0
10328,68,10.0,10,0.0,100.0
10329,19,7.3,10,0.05,69.35
10329,30,20.7,8,0.05,157.32
10329,38,210.8,20,0.05,4005.2
10329,56,30.4,12,0.05,346.55999999999995
10330,26,24.9,50,0.15,1058.25
10330,72,27.8,25,0.15,590.75
10331,54,5.9,15,0.0,88.5
10332,18,50.0,40,0.2,1600.0
10332,42,11.2,10,0.2,89.60000000000001
10332,47,7.6,16,0.2,97.28
10333,14,18.6,10,0.0,186.0
10333,21,8.0,10,0.1,72.0
10333,71,17.2,40,0.1,619.2
10334,52,5.6,8,0.0,44.8
10334,68,10.0,10,0.0,100.0
10335,2,15.2,7,0.2,85.12
10335,31,10.0,25,0.2,200.0
10335,32,25.6,6,0.2,122.88000000000002
10335,51,42.4,48,0.2,1628.1599999999999
10336,4,17.6,18,0.1,285.12
10337,23,7.2,40,0.0,288.0
10337,26,24.9,24,0.0,597.5999999999999
10337,36,15.2,20,0.0,304.0
10337,37,20.8,28,0.0,582.4
10337,72,27.8,25,0.0,695.0
10338,17,31.2,20,0.0,624.0
10338,30,20.7,15,0.0,310.5
10339,4,17.6,10,0.0,176.0
10339,17,31.2,70,0.05,2074.7999999999997
10339,62,39.4,28,0.0,1103.2
10340,18,50.0,20,0.05,950.0
10340,41,7.7,12,0.05,87.78
10340,43,36.8,40,0.05,1398.3999999999999
10341,33,2.0,8,0.0,16.0
10341,59,44.0,9,0.15,336.59999999999997
10342,2,15.2,24,0.2,291.84
10342,31,10.0,56,0.2,448.0
10342,36,15.2,40,0.2,486.40000000000003
10342,55,19.2,40,0.2,614.4000000000001
10343,64,26.6,50,0.0,1330.0
10343,68,10.0,4,0.05,38.0
10343,76,14.4,15,0.0,216.0
10344,4,17.6,35,0.0,616.0
10344,8,32.0,70,0.25,1680.0
10345,8,32.0,70,0.0,2240.0
10345,19,7.3,80,0.0,584.0
10345,42,11.2,9,0.0,100.8
10346,17,31.2,36,0.1,1010.8800000000001
10346,56,30.4,20,0.0,608.0
10347,25,11.2,10,0.0,112.0
10347,39,14.4,50,0.15,612.0
10347,40,14.7,4,0.0,58.8
10347,75,6.2,6,0.15,31.62
10348,1,14.4,15,0.15,183.6
10348,23,7.2,25,0.0,180.0
10349,54,5.9,24,0.0,141.60000000000002
10350,50,13.0,15,0.1,175.5
10350,69,28.8,18,0.1,466.56
10351,38,210.8,20,0.05,4005.2
10351,41,7.7,13,0.0,100.10000000000001
10351,44,15.5,77,0.05,1133.825
10351,65,16.8,10,0.05,159.6
10352,24,3.6,10,0.0,36.0
10352,54,5.9,20,0.15,100.3
10353,11,16.8,12,0.2,161.28000000000003
10353,38,210.8,50,0.2,8432.0
10354,1,14.4,12,0.0,172.8
10354,29,99.0,4,0.0,396.0
10355,24,3.6,25,0.0,90.0
10355,57,15.6,25,0.0,390.0
10356,31,10.0,30,0.0,300.0
10356,55,19.2,12,0.0,230.39999999999998
10356,69,28.8,20,0.0,576.0
10357,10,24.8,30,0.2,595.2
10357,26,24.9,16,0.0,398.4
10357,60,27.2,8,0.2,174.08
10358,24,3.6,10,0.05,34.199999999999996
10358,34,11.2,10,0.05,106.39999999999999
10358,36,15.2,20,0.05,288.8
10359,16,13.9,56,0.05,739.4799999999999
10359,31,10.0,70,0.05,665.0
10359,60,27.2,80,0.05,2067.2
10360,28,36.4,30,0.0,1092.0
10360,29,99.0,35,0.0,3465.0
10360,38,210.8,10,0.0,2108.0
10360,49,16.0,35,0.0,560.0
10360,54,5.9,28,0.0,165.20000000000002
10361,39,14.4,54,0.1,699.84
10361,60,27.2,55,0.1,1346.4
10362,25,11.2,50,0.0,560.0
10362,51,42.4,20,0.0,848.0
10362,54,5.9,24,0.0,141.60000000000002
10363,31,10.0,20,0.0,200.0
10363,75,6.2,12,0.0,74.4
10363,76,14.4,12,0.0,172.8
10364,69,28.8,30,0.0,864.0
10364,71,17.2,5,0.0,86.0
10365,11,16.8,24,0.0,403.20000000000005
10366,65,16.8,5,0.0,84.0
10366,77,10.4,5,0.0,52.0
10367,34,11.2,36,0.0,403.2
10367,54,5.9,18,0.0,106.2
10367,65,16.8,15,0.0,252.0
10367,77,10.4,7,0.0,72.8
10368,21,8.0,5,0.1,36.0
10368,28,36.4,13,0.1,425.88
10368,57,15.6,25,0.0,390.0
10368,64,26.6,35,0.1,837.9
10369,29,99.0,20,0.0,1980.0
10369,56,30.4,18,0.25,410.4
10370,1,14.4,15,0.15,183.6
10370,64,26.6,30,0.0,798.0
10370,74,8.0,20,0.15,136.0
10371,36,15.2,6,0.2,72.96
10372,20,64.8,12,0.25,583.1999999999999
10372,38,210.8,40,0.25,6324.0
10372,60,27.2,70,0.25,1428.0
10372,72,27.8,42,0.25,875.7
10373,58,10.6,80,0.2,678.4000000000001
10373,71,17.2,50,0.2,688.0
10374,31,10.0,30,0.0,300.0
10374,58,10.6,15,0.0,159.0
10375,14,18.6,15,0.0,279.0
10375,54,5.9,10,0.0,59.0
10376,31,10.0,42,0.05,399.0
10377,28,36.4,20,0.15,618.8
10377,39,14.4,20,0.15,244.79999999999998
10378,71,17.2,6,0.0,103.19999999999999
10379,41,7.7,8,0.1,55.440000000000005
10379,63,35.1,16,0.1,505.44000000000005
10379,65,16.8,20,0.1,302.40000000000003
10380,30,20.7,18,0.1,335.34
10380,53,26.2,20,0.1,471.6
10380,60,27.2,6,0.1,146.88
10380,70,12.0,30,0.0,360.0
10381,74,8.0,14,0.0,112.0
10382,5,17.0,32,0.0,544.0
10382,18,50.0,9,0.0,450.0
10382,29,99.0,14,0.0,1386.0
10382,33,2.0,60,0.0,120.0
10382,74,8.0,50,0.0,400.0
10383,13,4.8,20,0.0,96.0
10383,50,13.0,15,0.0,195.0
10383,56,30.4,20,0.0,608.0
10384,20,64.8,28,0.0,1814.3999999999999
10384,60,27.2,15,0.0,408.0
10385,7,24.0,10,0.2,192.0
10385,60,27.2,20,0.2,435.20000000000005
10385,68,10.0,8,0.2,64.0
10386,24,3.6,15,0.0,54.0
10386,34,11.2,10,0.0,112.0
10387,24,3.6,15,0.0,54.0
10387,28,36.4,6,0.0,218.39999999999998
10387,59,44.0,12,0.0,528.0
10387,71,17.2,15,0.0,258.0
10388,45,7.6,15,0.2,91.2
10388,52,5.6,20,0.2,89.60000000000001
10388,53,26.2,40,0.0,1048.0
10389,10,24.8,16,0.0,396.8
10389,55,19.2,15,0.0,288.0
10389,62,39.4,20,0.0,788.0
10389,70,12.0,30,0.0,360.0
10390,31,10.0,60,0.1,540.0
10390,35,14.4,40,0.1,518.4
10390,46,9.6,45,0.0,432.0
10390,72,27.8,24,0.1,600.48
10391,13,4.8,18,0.0,86.39999999999999
10392,69,28.8,50,0.0,1440.0
10393,2,15.2,25,0.25,285.0
10393,14,18.6,42,0.25,585.9000000000001
10393,25,11.2,7,0.25,58.8
10393,26,24.9,70,0.25,1307.25
10393,31,10.0,32,0.0,320.0
10394,13,4.8,10,0.0,48.0
10394,62,39.4,10,0.0,394.0
10395,46,9.6,28,0.1,241.92000000000002
10395,53,26.2,70,0.1,1650.6000000000001
10395,69,28.8,8,0.0,230.4
10396,23,7.2,40,0.0,288.0
10396,71,17.2,60,0.0,1032.0
10396,72,27.8,21,0.0,583.8000000000001
10397,21,8.0,10,0.15,68.0
10397,51,42.4,18,0.15,648.7199999999999
10398,35,14.4,30,0.0,432.0
10398,55,19.2,120,0.1,2073.6
10399,68,10.0,60,0.0,600.0
10399,71,17.2,30,0.0,516.0
10399,76,14.4,35,0.0,504.0
10399,77,10.4,14,0.0,145.6
10400,29,99.0,21,0.0,2079.0
10400,35,14.4,35,0.0,504.0
10400,49,16.0,30,0.0,480.0
10401,30,20.7,18,0.0,372.59999999999997
10401,56,30.4,70,0.0,2128.0
10401,65,16.8,20,0.0,336.0
10401,71,17.2,60,0.0,1032.0
10402,23,7.2,60,0.0,432.0
10402,63,35.1,65,0.0,2281.5
10403,16,13.9,21,0.15,248.115
10403,48,10.2,70,0.15,606.9
10404,26,24.9,30,0.05,709.65
10404,42,11.2,40,0.05,425.59999999999997
10404,49,16.0,30,0.05,456.0
10405,3,8.0,50,0.0,400.0
10406,1,14.4,10,0.0,144.0
10406,21,8.0,30,0.1,216.0
10406,28,36.4,42,0.1,1375.92
10406,36,15.2,5,0.1,68.4
10406,40,14.7,2,0.1,26.46
10407,11,16.8,30,0.0,504.0
10407,69,28.8,15,0.0,432.0
10407,71,17.2,15,0.0,258.0
10408,37,20.8,10,0.0,208.0
10408,54,5.9,6,0.0,35.400000000000006
10408,62,39.4,35,0.0,1379.0
10409,14,18.6,12,0.0,223.20000000000002
10409,21,8.0,12,0.0,96.0
10410,33,2.0,49,0.0,98.0
10410,59,44.0,16,0.0,704.0
10411,41,7.7,25,0.2,154.0
10411,44,15.5,40,0.2,496.0
10411,59,44.0,9,0.2,316.8
10412,14,18.6,20,0.1,334.8
10413,1,14.4,24,0.0,345.6
10413,62,39.4,40,0.0,1576.0
10413,76,14.4,14,0.0,201.6
10414,19,7.3,18,0.05,124.83
10414,33,2.0,50,0.0,100.0
10415,17,31.2,2,0.0,62.4
10415,33,2.0,20,0.0,40.0
10416,19,7.3,20,0.0,146.0
10416,53,26.2,10,0.0,262.0
10416,57,15.6,20,0.0,312.0
10417,38,210.8,50,0.0,10540.0
10417,46,9.6,2,0.25,14.399999999999999
10417,68,10.0,36,0.25,270.0
10417,77,10.4,35,0.0,364.0
10418,2,15.2,60,0.0,912.0
10418,47,7.6,55,0.0,418.0
10418,61,22.8,16,0.0,364.8
10418,74,8.0,15,0.0,120.0
10419,60,27.2,60,0.05,1550.3999999999999
10419,69,28.8,20,0.05,547.1999999999999
10420,9,77.6,20,0.1,1396.8
10420,13,4.8,2,0.1,8.64
10420,70,12.0,8,0.1,86.4
10420,73,12.0,20,0.1,216.0
10421,19,7.3,4,0.15,24.82
10421,26,24.9,30,0.0,747.0
10421,53,26.2,15,0.15,334.05
10421,77,10.4,10,0.15,88.39999999999999
10422,26,24.9,2,0.0,49.8
10423,31,10.0,14,0.0,140.0
10423,59,44.0,20,0.0,880.0
10424,35,14.4,60,0.2,691.2
10424,38,210.8,49,0.2,8263.36
10424,68,10.0,30,0.2,240.0
10425,55,19.2,10,0.25,144.0
10425,76,14.4,20,0.25,216.0
10426,56,30.4,5,0.0,152.0
10426,64,26.6,7,0.0,186.20000000000002
10427,14,18.6,35,0.0,651.0
10428,46,9.6,20,0.0,192.0
10429,50,13.0,40,0.0,520.0
10429,63,35.1,35,0.25,921.375
10430,17,31.2,45,0.2,1123.2
10430,21,8.0,50,0.0,400.0
10430,56,30.4,30,0.0,912.0
10430,59,44.0,70,0.2,2464.0
10431,17,31.2,50,0.25,1170.0
10431,40,14.7,50,0.25,551.25
10431,47,7.6,30,0.25,171.0
10432,26,24.9,10,0.0,249.0
10432,54,5.9,40,0.0,236.0
10433,56,30.4,28,0.0,851.1999999999999
10434,11,16.8,6,0.0,100.80000000000001
10434,76,14.4,18,0.15,220.32
10435,2,15.2,10,0.0,152.0
10435,22,16.8,12,0.0,201.60000000000002
10435,72,27.8,10,0.0,278.0
10436,46,9.6,5,0.0,48.0
10436,56,30.4,40,0.1,1094.4
10436,64,26.6,30,0.1,718.2
10436,75,6.2,24,0.1,133.92000000000002
10437,53,26.2,15,0.0,393.0
10438,19,7.3,15,0.2,87.60000000000001
10438,34,11.2,20,0.2,179.20000000000002
10438,57,15.6,15,0.2,187.20000000000002
10439,12,30.4,15,0.0,456.0
10439,16,13.9,16,0.0,222.4
10439,64,26.6,6,0.0,159.60000000000002
10439,74,8.0,30,0.0,240.0
10440,2,15.2,45,0.15,581.4
10440,16,13.9,49,0.15,578.9350000000001
10440,29,99.0,24,0.15,2019.6
10440,61,22.8,90,0.15,1744.2
10441,27,35.1,50,0.0,1755.0
10442,11,16.8,30,0.0,504.0
10442,54,5.9,80,0.0,472.0
10442,66,13.6,60,0.0,816.0
10443,11,16.8,6,0.2,80.64000000000001
10443,28,36.4,12,0.0,436.79999999999995
10444,17,31.2,10,0.0,312.0
10444,26,24.9,15,0.0,373.5
10444,35,14.4,8,0.0,115.2
10444,41,7.7,30,0.0,231.0
10445,39,14.4,6,0.0,86.4
10445,54,5.9,15,0.0,88.5
10446,19,7.3,12,0.1,78.84
10446,24,3.6,20,0.1,64.8
10446,31,10.0,3,0.1,27.0
10446,52,5.6,15,0.1,75.60000000000001
10447,19,7.3,40,0.0,292.0
10447,65,16.8,35,0.0,588.0
10447,71,17.2,2,0.0,34.4
10448,26,24.9,6,0.0,149.39999999999998
10448,40,14.7,20,0.0,294.0
10449,10,24.8,14,0.0,347.2
10449,52,5.6,20,0.0,112.0
10449,62,39.4,35,0.0,1379.0
10450,10,24.8,20,0.2,396.8
10450,54,5.9,6,0.2,28.320000000000007
10451,55,19.2,120,0.1,2073.6
10451,64,26.6,35,0.1,837.9
10451,65,16.8,28,0.1,423.36
10451,77,10.4,55,0.1,514.8000000000001
10452,28,36.4,15,0.0,546.0
10452,44,15.5,100,0.05,1472.5
10453,48,10.2,15,0.1,137.70000000000002
10453,70,12.0,25,0.1,270.0
10454,16,13.9,20,0.2,222.4
10454,33,2.0,20,0.2,32.0
10454,46,9.6,10,0.2,76.80000000000001
10455,39,14.4,20,0.0,288.0
10455,53,26.2,50,0.0,1310.0
10455,61,22.8,25,0.0,570.0
10455,71,17.2,30,0.0,516.0
10456,21,8.0,40,0.15,272.0
10456,49,16.0,21,0.15,285.59999999999997
10457,59,44.0,36,0.0,1584.0
10458,26,24.9,30,0.0,747.0
10458,28,36.4,30,0.0,1092.0
10458,43,36.8,20,0.0,736.0
10458,56,30.4,15,0.0,456.0
10458,71,17.2,50,0.0,860.0
10459,7,24.0,16,0.05,364.79999999999995
10459,46,9.6,20,0.05,182.39999999999998
10459,72,27.8,40,0.0,1112.0
10460,68,10.0,21,0.25,157.5
10460,75,6.2,4,0.25,18.6
10461,21,8.0,40,0.25,240.0
10461,30,20.7,28,0.25,434.70000000000005
10461,55,19.2,60,0.25,864.0
10462,13,4.8,1,0.0,4.8
10462,23,7.2,21,0.0,151.20000000000002
10463,19,7.3,21,0.0,153.29999999999998
10463,42,11.2,50,0.0,560.0
10464,4,17.6,16,0.2,225.28000000000003
10464,43,36.8,3,0.0,110.39999999999999
10464,56,30.4,30,0.2,729.6
10464,60,27.2,20,0.0,544.0
10465,24,3.6,25,0.0,90.0
10465,29,99.0,18,0.1,1603.8
10465,40,14.7,20,0.0,294.0
10465,45,7.6,30,0.1,205.20000000000002
10465,50,13.0,25,0.0,325.0
10466,11,16.8,10,0.0,168.0
10466,46,9.6,5,0.0,48.0
10467,24,3.6,28,0.0,100.8
10467,25,11.2,12,0.0,134.39999999999998
10468,30,20.7,8,0.0,165.6
10468,43,36.8,15,0.0,552.0
10469,2,15.2,40,0.15,516.8
10469,16,13.9,35,0.15,413.525
10469,44,15.5,2,0.15,26.349999999999998
10470,18,50.0,30,0.0,1500.0
10470,23,7.2,15,0.0,108.0
10470,64,26.6,8,0.0,212.8
10471,7,24.0,30,0.0,720.0
10471,56,30.4,20,0.0,608.0
10472,24,3.6,80,0.05,273.59999999999997
10472,51,42.4,18,0.0,763.1999999999999
10473,33,2.0,12,0.0,24.0
10473,71,17.2,12,0.0,206.39999999999998
10474,14,18.6,12,0.0,223.20000000000002
10474,28,36.4,18,0.0,655.1999999999999
10474,40,14.7,21,0.0,308.7
10474,75,6.2,10,0.0,62.0
10475,31,10.0,35,0.15,297.5
10475,66,13.6,60,0.15,693.6
10475,76,14.4,42,0.15,514.08
10476,55,19.2,2,0.05,36.48
10476,70,12.0,12,0.0,144.0
10477,1,14.4,15,0.0,216.0
10477,21,8.0,21,0.25,126.0
10477,39,14.4,20,0.25,216.0
10478,10,24.8,20,0.05,471.2
10479,38,210.8,30,0.0,6324.0
10479,53,26.2,28,0.0,733.6
10479,59,44.0,60,0.0,2640.0
10479,64,26.6,30,0.0,798.0
10480,47,7.6,30,0.0,228.0
10480,59,44.0,12,0.0,528.0
10481,49,16.0,24,0.0,384.0
10481,60,27.2,40,0.0,1088.0
10482,40,14.7,10,0.0,147.0
10483,34,11.2,35,0.05,372.4
10483,77,10.4,30,0.05,296.4
10484,21,8.0,14,0.0,112.0
10484,40,14.7,10,0.0,147.0
10484,51,42.4,3,0.0,127.19999999999999
10485,2,15.2,20,0.1,273.6
10485,3,8.0,20,0.1,144.0
10485,55,19.2,30,0.1,518.4
10485,70,12.0,60,0.1,648.0
10486,11,16.8,5,0.0,84.0
10486,51,42.4,25,0.0,1060.0
10486,74,8.0,16,0.0,128.0
10487,19,7.3,5,0.0,36.5
10487,26,24.9,30,0.0,747.0
10487,54,5.9,24,0.25,106.20000000000002
10488,59,44.0,30,0.0,1320.0
10488,73,12.0,20,0.2,192.0
10489,11,16.8,15,0.25,189.0
10489,16,13.9,18,0.0,250.20000000000002
10490,59,44.0,60,0.0,2640.0
10490,68,10.0,30,0.0,300.0
10490,75,6.2,36,0.0,223.20000000000002
10491,44,15.5,15,0.15,197.625
10491,77,10.4,7,0.15,61.879999999999995
10492,25,11.2,60,0.05,638.4
10492,42,11.2,20,0.05,212.79999999999998
10493,65,16.8,15,0.1,226.8
10493,66,13.6,10,0.1,122.4
10493,69,28.8,10,0.1,259.2
10494,56,30.4,30,0.0,912.0
10495,23,7.2,10,0.0,72.0
10495,41,7.7,20,0.0,154.0
10495,77,10.4,5,0.0,52.0
10496,31,10.0,20,0.05,190.0
10497,56,30.4,14,0.0,425.59999999999997
10497,72,27.8,25,0.0,695.0
10497,77,10.4,25,0.0,260.0
10498,24,4.5,14,0.0,63.0
10498,40,18.4,5,0.0,92.0
10498,42,14.0,30,0.0,420.0
10499,28,45.6,20,0.0,912.0
10499,49,20.0,25,0.0,500.0
10500,15,15.5,12,0.05,176.7
10500,28,45.6,8,0.05,346.56
10501,54,7.45,20,0.0,149.0
10502,45,9.5,21,0.0,199.5
10502,53,32.8,6,0.0,196.79999999999998
10502,67,14.0,30,0.0,420.0
10503,14,23.25,70,0.0,1627.5
10503,65,21.05,20,0.0,421.0
10504,2,19.0,12,0.0,228.0
10504,21,10.0,12,0.0,120.0
10504,53,32.8,10,0.0,328.0
10504,61,28.5,25,0.0,712.5
10505,62,49.3,3,0.0,147.89999999999998
10506,25,14.0,18,0.1,226.8
10506,70,15.0,14,0.1,189.0
10507,43,46.0,15,0.15,586.5
10507,48,12.75,15,0.15,162.5625
10508,13,6.0,10,0.0,60.0
10508,39,18.0,10,0.0,180.0
10509,28,45.6,3,0.0,136.8
10510,29,123.79,36,0.0,4456.4400000000005
10510,75,7.75,36,0.1,251.1
10511,4,22.0,50,0.15,935.0
10511,7,30.0,50,0.15,1275.0
10511,8,40.0,10,0.15,340.0
10512,24,4.5,10,0.15,38.25
10512,46,12.0,9,0.15,91.8
10512,47,9.5,6,0.15,48.449999999999996
10512,60,34.0,12,0.15,346.8
10513,21,10.0,40,0.2,320.0
10513,32,32.0,50,0.2,1280.0
10513,61,28.5,15,0.2,342.0
10514,20,81.0,39,0.0,3159.0
10514,28,45.6,35,0.0,1596.0
10514,56,38.0,70,0.0,2660.0
10514,65,21.05,39,0.0,820.95
10514,75,7.75,50,0.0,387.5
10515,9,97.0,16,0.15,1319.2
10515,16,17.45,50,0.0,872.5
10515,27,43.9,120,0.0,5268.0
10515,33,2.5,16,0.15,34.0
10515,60,34.0,84,0.15,2427.6
10516,18,62.5,25,0.1,1406.25
10516,41,9.65,80,0.1,694.8000000000001
10516,42,14.0,20,0.0,280.0
10517,52,7.0,6,0.0,42.0
10517,59,55.0,4,0.0,220.0
10517,70,15.0,6,0.0,90.0
10518,24,4.5,5,0.0,22.5
10518,38,263.5,15,0.0,3952.5
10518,44,19.45,9,0.0,175.04999999999998
10519,10,31.0,16,0.05,471.2
10519,56,38.0,40,0.0,1520.0
10519,60,34.0,10,0.05,323.0
10520,24,4.5,8,0.0,36.0
10520,53,32.8,5,0.0,164.0
10521,35,18.0,3,0.0,54.0
10521,41,9.65,10,0.0,96.5
10521,68,12.5,6,0.0,75.0
10522,1,18.0,40,0.2,576.0
10522,8,40.0,24,0.0,960.0
10522,30,25.89,20,0.2,414.24
10522,40,18.4,25,0.2,368.0
10523,17,39.0,25,0.1,877.5
10523,20,81.0,15,0.1,1093.5
10523,37,26.0,18,0.1,421.2
10523,41,9.65,6,0.1,52.11000000000001
10524,10,31.0,2,0.0,62.0
10524,30,25.89,10,0.0,258.9
10524,43,46.0,60,0.0,2760.0
10524,54,7.45,15,0.0,111.75
10525,36,19.0,30,0.0,570.0
10525,40,18.4,15,0.1,248.4
10526,1,18.0,8,0.15,122.39999999999999
10526,13,6.0,10,0.0,60.0
10526,56,38.0,30,0.15,969.0
10527,4,22.0,50,0.1,990.0
10527,36,19.0,30,0.1,513.0
10528,11,21.0,3,0.0,63.0
10528,33,2.5,8,0.2,16.0
10528,72,34.8,9,0.0,313.2
10529,55,24.0,14,0.0,336.0
10529,68,12.5,20,0.0,250.0
10529,69,36.0,10,0.0,360.0
10530,17,39.0,40,0.0,1560.0
10530,43,46.0,25,0.0,1150.0
10530,61,28.5,20,0.0,570.0
10530,76,18.0,50,0.0,900.0
10531,59,55.0,2,0.0,110.0
10532,30,25.89,15,0.0,388.35
10532,66,17.0,24,0.0,408.0
10533,4,22.0,50,0.05,1045.0
10533,72,34.8,24,0.0,835.1999999999999
10533,73,15.0,24,0.05,342.0
10534,30,25.89,10,0.0,258.9
10534,40,18.4,10,0.2,147.20000000000002
10534,54,7.45,10,0.2,59.6
10535,11,21.0,50,0.1,945.0
10535,40,18.4,10,0.1,165.6
10535,57,19.5,5,0.1,87.75
10535,59,55.0,15,0.1,742.5
10536,12,38.0,15,0.25,427.5
10536,31,12.5,20,0.0,250.0
10536,33,2.5,30,0.0,75.0
10536,60,34.0,35,0.25,892.5
10537,31,12.5,30,0.0,375.0
10537,51,53.0,6,0.0,318.0
10537,58,13.25,20,0.0,265.0
10537,72,34.8,21,0.0,730.8
10537,73,15.0,9,0.0,135.0
10538,70,15.0,7,0.0,105.0
10538,72,34.8,1,0.0,34.8
10539,13,6.0,8,0.0,48.0
10539,21,10.0,15,0.0,150.0
10539,33,2.5,15,0.0,37.5
10539,49,20.0,6,0.0,120.0
10540,3,10.0,60,0.0,600.0
10540,26,31.23,40,0.0,1249.2
10540,38,263.5,30,0.0,7905.0
10540,68,12.5,35,0.0,437.5
10541,24,4.5,35,0.1,141.75
10541,38,263.5,4,0.1,948.6
10541,65,21.05,36,0.1,682.0200000000001
10541,71,21.5,9,0.1,174.15
10542,11,21.0,15,0.05,299.25
10542,54,7.45,24,0.05,169.86
10543,12,38.0,30,0.15,969.0
10543,23,9.0,70,0.15,535.5
10544,28,45.6,7,0.0,319.2
10544,67,14.0,7,0.0,98.0
10545,11,21.0,10,0.0,210.0
10546,7,30.0,10,0.0,300.0
10546,35,18.0,30,0.0,540.0
10546,62,49.3,40,0.0,1972.0
10547,32,32.0,24,0.15,652.8
10547,36,19.0,60,0.0,1140.0
10548,34,14.0,10,0.25,105.0
10548,41,9.65,14,0.0,135.1
10549,31,12.5,55,0.15,584.375
10549,45,9.5,100,0.15,807.5
10549,51,53.0,48,0.15,2162.4
10550,17,39.0,8,0.1,280.8
10550,19,9.2,10,0.0,92.0
10550,21,10.0,6,0.1,54.0
10550,61,28.5,10,0.1,256.5
10551,16,17.45,40,0.15,593.3
10551,35,18.0,20,0.15,306.0
10551,44,19.45,40,0.0,778.0
10552,69,36.0,18,0.0,648.0
10552,75,7.75,30,0.0,232.5
10553,11,21.0,15,0.0,315.0
10553,16,17.45,14,0.0,244.29999999999998
10553,22,21.0,24,0.0,504.0
10553,31,12.5,30,0.0,375.0
10553,35,18.0,6,0.0,108.0
10554,16,17.45,30,0.05,497.325
10554,23,9.0,20,0.05,171.0
10554,62,49.3,20,0.05,936.6999999999999
10554,77,13.0,10,0.05,123.5
10555,14,23.25,30,0.2,558.0
10555,19,9.2,35,0.2,257.6
10555,24,4.5,18,0.2,64.8
10555,51,53.0,20,0.2,848.0
10555,56,38.0,40,0.2,1216.0
10556,72,34.8,24,0.0,835.1999999999999
10557,64,33.25,30,0.0,997.5
10557,75,7.75,20,0.0,155.0
10558,47,9.5,25,0.0,237.5
10558,51,53.0,20,0.0,1060.0
10558,52,7.0,30,0.0,210.0
10558,53,32.8,18,0.0,590.4
10558,73,15.0,3,0.0,45.0
10559,41,9.65,12,0.05,110.01
10559,55,24.0,18,0.05,410.4
10560,30,25.89,20,0.0,517.8
10560,62,49.3,15,0.25,554.625
10561,44,19.45,10,0.0,194.5
10561,51,53.0,50,0.0,2650.0
10562,33,2.5,20,0.1,45.0
10562,62,49.3,10,0.1,443.7
10563,36,19.0,25,0.0,475.0
10563,52,7.0,70,0.0,490.0
10564,17,39.0,16,0.05,592.8
10564,31,12.5,6,0.05,71.25
10564,55,24.0,25,0.05,570.0
10565,24,4.5,25,0.1,101.25
10565,64,33.25,18,0.1,538.65
10566,11,21.0,35,0.15,624.75
10566,18,62.5,18,0.15,956.25
10566,76,18.0,10,0.0,180.0
10567,31,12.5,60,0.2,600.0
10567,51,53.0,3,0.0,159.0
10567,59,55.0,40,0.2,1760.0
10568,10,31.0,5,0.0,155.0
10569,31,12.5,35,0.2,350.0
10569,76,18.0,30,0.0,540.0
10570,11,21.0,15,0.05,299.25
10570,56,38.0,60,0.05,2166.0
10571,14,23.25,11,0.15,217.3875
10571,42,14.0,28,0.15,333.2
10572,16,17.45,12,0.1,188.45999999999998
10572,32,32.0,10,0.1,288.0
10572,40,18.4,50,0.0,919.9999999999999
10572,75,7.75,15,0.1,104.625
10573,17,39.0,18,0.0,702.0
10573,34,14.0,40,0.0,560.0
10573,53,32.8,25,0.0,819.9999999999999
10574,33,2.5,14,0.0,35.0
10574,40,18.4,2,0.0,36.8
10574,62,49.3,10,0.0,493.0
10574,64,33.25,6,0.0,199.5
10575,59,55.0,12,0.0,660.0
10575,63,43.9,6,0.0,263.4
10575,72,34.8,30,0.0,1044.0
10575,76,18.0,10,0.0,180.0
10576,1,18.0,10,0.0,180.0
10576,31,12.5,20,0.0,250.0
10576,44,19.45,21,0.0,408.45
10577,39,18.0,10,0.0,180.0
10577,75,7.75,20,0.0,155.0
10577,77,13.0,18,0.0,234.0
10578,35,18.0,20,0.0,360.0
10578,57,19.5,6,0.0,117.0
10579,15,15.5,10,0.0,155.0
10579,75,7.75,21,0.0,162.75
10580,14,23.25,15,0.05,331.3125
10580,41,9.65,9,0.05,82.50750000000001
10580,65,21.05,30,0.05,599.925
10581,75,7.75,50,0.2,310.0
10582,57,19.5,4,0.0,78.0
10582,76,18.0,14,0.0,252.0
10583,29,123.79,10,0.0,1237.9
10583,60,34.0,24,0.15,693.6
10583,69,36.0,10,0.15,306.0
10584,31,12.5,50,0.05,593.75
10585,47,9.5,15,0.0,142.5
10586,52,7.0,4,0.15,23.8
10587,26,31.23,6,0.0,187.38
10587,35,18.0,20,0.0,360.0
10587,77,13.0,20,0.0,260.0
10588,18,62.5,40,0.2,2000.0
10588,42,14.0,100,0.2,1120.0
10589,35,18.0,4,0.0,72.0
10590,1,18.0,20,0.0,360.0
10590,77,13.0,60,0.05,741.0
10591,3,10.0,14,0.0,140.0
10591,7,30.0,10,0.0,300.0
10591,54,7.45,50,0.0,372.5
10592,15,15.5,25,0.05,368.125
10592,26,31.23,5,0.05,148.3425
10593,20,81.0,21,0.2,1360.8000000000002
10593,69,36.0,20,0.2,576.0
10593,76,18.0,4,0.2,57.6
10594,52,7.0,24,0.0,168.0
10594,58,13.25,30,0.0,397.5
10595,35,18.0,30,0.25,405.0
10595,61,28.5,120,0.25,2565.0
10595,69,36.0,65,0.25,1755.0
10596,56,38.0,5,0.2,152.0
10596,63,43.9,24,0.2,842.88
10596,75,7.75,30,0.2,186.0
10597,24,4.5,35,0.2,126.0
10597,57,19.5,20,0.0,390.0
10597,65,21.05,12,0.2,202.08000000000004
10598,27,43.9,50,0.0,2195.0
10598,71,21.5,9,0.0,193.5
10599,62,49.3,10,0.0,493.0
10600,54,7.45,4,0.0,29.8
10600,73,15.0,30,0.0,450.0
10601,13,6.0,60,0.0,360.0
10601,59,55.0,35,0.0,1925.0
10602,77,13.0,5,0.25,48.75
10603,22,21.0,48,0.0,1008.0
10603,49,20.0,25,0.05,475.0
10604,48,12.75,6,0.1,68.85000000000001
10604,76,18.0,10,0.1,162.0
10605,16,17.45,30,0.05,497.325
10605,59,55.0,20,0.05,1045.0
10605,60,34.0,70,0.05,2261.0
10605,71,21.5,15,0.05,306.375
10606,4,22.0,20,0.2,352.0
10606,55,24.0,20,0.2,384.0
10606,62,49.3,10,0.2,394.40000000000003
10607,7,30.0,45,0.0,1350.0
10607,17,39.0,100,0.0,3900.0
10607,33,2.5,14,0.0,35.0
10607,40,18.4,42,0.0,772.8
10607,72,34.8,12,0.0,417.59999999999997
10608,56,38.0,28,0.0,1064.0
10609,1,18.0,3,0.0,54.0
10609,10,31.0,10,0.0,310.0
10609,21,10.0,6,0.0,60.0
10610,36,19.0,21,0.25,299.25
10611,1,18.0,6,0.0,108.0
10611,2,19.0,10,0.0,190.0
10611,60,34.0,15,0.0,510.0
10612,10,31.0,70,0.0,2170.0
10612,36,19.0,55,0.0,1045.0
10612,49,20.0,18,0.0,360.0
10612,60,34.0,40,0.0,1360.0
10612,76,18.0,80,0.0,1440.0
10613,13,6.0,8,0.1,43.2
10613,75,7.75,40,0.0,310.0
10614,11,21.0,14,0.0,294.0
10614,21,10.0,8,0.0,80.0
10614,39,18.0,5,0.0,90.0
10615,55,24.0,5,0.0,120.0
10616,38,263.5,15,0.05,3754.875
10616,56,38.0,14,0.0,532.0
10616,70,15.0,15,0.05,213.75
10616,71,21.5,15,0.05,306.375
10617,59,55.0,30,0.15,1402.5
10618,6,25.0,70,0.0,1750.0
10618,56,38.0,20,0.0,760.0
10618,68,12.5,15,0.0,187.5
10619,21,10.0,42,0.0,420.0
10619,22,21.0,40,0.0,840.0
10620,24,4.5,5,0.0,22.5
10620,52,7.0,5,0.0,35.0
10621,19,9.2,5,0.0,46.0
10621,23,9.0,10,0.0,90.0
10621,70,15.0,20,0.0,300.0
10621,71,21.5,15,0.0,322.5
10622,2,19.0,20,0.0,380.0
10622,68,12.5,18,0.2,180.0
10623,14,23.25,21,0.0,488.25
10623,19,9.2,15,0.1,124.2
10623,21,10.0,25,0.1,225.0
10623,24,4.5,3,0.0,13.5
10623,35,18.0,30,0.1,486.0
10624,28,45.6,10,0.0,456.0
10624,29,123.79,6,0.0,742.74
10624,44,19.45,10,0.0,194.5
10625,14,23.25,3,0.0,69.75
10625,42,14.0,5,0.0,70.0
10625,60,34.0,10,0.0,340.0
10626,53,32.8,12,0.0,393.59999999999997
10626,60,34.0,20,0.0,680.0
10626,71,21.5,20,0.0,430.0
10627,62,49.3,15,0.0,739.5
10627,73,15.0,35,0.15,446.25
10628,1,18.0,25,0.0,450.0
10629,29,123.79,20,0.0,2475.8
10629,64,33.25,9,0.0,299.25
10630,55,24.0,12,0.05,273.59999999999997
10630,76,18.0,35,0.0,630.0
10631,75,7.75,8,0.1,55.800000000000004
10632,2,19.0,30,0.05,541.5
10632,33,2.5,20,0.05,47.5
10633,12,38.0,36,0.15,1162.8
10633,13,6.0,13,0.15,66.3
10633,26,31.23,35,0.15,929.0925
10633,62,49.3,80,0.15,3352.4
10634,7,30.0,35,0.0,1050.0
10634,18,62.5,50,0.0,3125.0
10634,51,53.0,15,0.0,795.0
10634,75,7.75,2,0.0,15.5
10635,4,22.0,10,0.1,198.0
10635,5,21.35,15,0.1,288.225
10635,22,21.0,40,0.0,840.0
10636,4,22.0,25,0.0,550.0
10636,58,13.25,6,0.0,79.5
10637,11,21.0,10,0.0,210.0
10637,50,16.25,25,0.05,385.9375
10637,56,38.0,60,0.05,2166.0
10638,45,9.5,20,0.0,190.0
10638,65,21.05,21,0.0,442.05
10638,72,34.8,60,0.0,2088.0
10639,18,62.5,8,0.0,500.0
10640,69,36.0,20,0.25,540.0
10640,70,15.0,15,0.25,168.75
10641,2,19.0,50,0.0,950.0
10641,40,18.4,60,0.0,1104.0
10642,21,10.0,30,0.2,240.0
10642,61,28.5,20,0.2,456.0
10643,28,45.6,15,0.25,513.0
10643,39,18.0,21,0.25,283.5
10643,46,12.0,2,0.25,18.0
10644,18,62.5,4,0.1,225.0
10644,43,46.0,20,0.0,920.0
10644,46,12.0,21,0.1,226.8
10645,18,62.5,20,0.0,1250.0
10645,36,19.0,15,0.0,285.0
10646,1,18.0,15,0.25,202.5
10646,10,31.0,18,0.25,418.5
10646,71,21.5,30,0.25,483.75
10646,77,13.0,35,0.25,341.25
10647,19,9.2,30,0.0,276.0
10647,39,18.0,20,0.0,360.0
10648,22,21.0,15,0.0,315.0
10648,24,4.5,15,0.15,57.375
10649,28,45.6,20,0.0,912.0
10649,72,34.8,15,0.0,522.0
10650,30,25.89,30,0.0,776.7
10650,53,32.8,25,0.05,778.9999999999999
10650,54,7.45,30,0.0,223.5
10651,19,9.2,12,0.25,82.8
10651,22,21.0,20,0.25,315.0
10652,30,25.89,2,0.25,38.835
10652,42,14.0,20,0.0,280.0
10653,16,17.45,30,0.1,471.15000000000003
10653,60,34.0,20,0.1,612.0
10654,4,22.0,12,0.1,237.6
10654,39,18.0,20,0.1,324.0
10654,54,7.45,6,0.1,40.230000000000004
10655,41,9.65,20,0.2,154.4
10656,14,23.25,3,0.1,62.775
10656,44,19.45,28,0.1,490.14000000000004
10656,47,9.5,6,0.1,51.300000000000004
10657,15,15.5,50,0.0,775.0
10657,41,9.65,24,0.0,231.60000000000002
10657,46,12.0,45,0.0,540.0
10657,47,9.5,10,0.0,95.0
10657,56,38.0,45,0.0,1710.0
10657,60,34.0,30,0.0,1020.0
10658,21,10.0,60,0.0,600.0
10658,40,18.4,70,0.05,1223.6
10658,60,34.0,55,0.05,1776.5
10658,77,13.0,70,0.05,864.5
10659,31,12.5,20,0.05,237.5
10659,40,18.4,24,0.05,419.5199999999999
10659,70,15.0,40,0.05,570.0
10660,20,81.0,21,0.0,1701.0
10661,39,18.0,3,0.2,43.2
10661,58,13.25,49,0.2,519.4
10662,68,12.5,10,0.0,125.0
10663,40,18.4,30,0.05,524.4
10663,42,14.0,30,0.05,399.0
10663,51,53.0,20,0.05,1007.0
10664,10,31.0,24,0.15,632.4
10664,56,38.0,12,0.15,387.59999999999997
10664,65,21.05,15,0.15,268.3875
10665,51,53.0,20,0.0,1060.0
10665,59,55.0,1,0.0,55.0
10665,76,18.0,10,0.0,180.0
10666,29,123.79,36,0.0,4456.4400000000005
10666,65,21.05,10,0.0,210.5
10667,69,36.0,45,0.2,1296.0
10667,71,21.5,14,0.2,240.8
10668,31,12.5,8,0.1,90.0
10668,55,24.0,4,0.1,86.4
10668,64,33.25,15,0.1,448.875
10669,36,19.0,30,0.0,570.0
10670,23,9.0,32,0.0,288.0
10670,46,12.0,60,0.0,720.0
10670,67,14.0,25,0.0,350.0
10670,73,15.0,50,0.0,750.0
10670,75,7.75,25,0.0,193.75
10671,16,17.45,10,0.0,174.5
10671,62,49.3,10,0.0,493.0
10671,65,21.05,12,0.0,252.60000000000002
10672,38,263.5,15,0.1,3557.25
10672,71,21.5,12,0.0,258.0
10673,16,17.45,3,0.0,52.349999999999994
10673,42,14.0,6,0.0,84.0
10673,43,46.0,6,0.0,276.0
10674,23,9.0,5,0.0,45.0
10675,14,23.25,30,0.0,697.5
10675,53,32.8,10,0.0,328.0
10675,58,13.25,30,0.0,397.5
10676,10,31.0,2,0.0,62.0
10676,19,9.2,7,0.0,64.39999999999999
10676,44,19.45,21,0.0,408.45
10677,26,31.23,30,0.15,796.365
10677,33,2.5,8,0.15,17.0
10678,12,38.0,100,0.0,3800.0
10678,33,2.5,30,0.0,75.0
10678,41,9.65,120,0.0,1158.0
10678,54,7.45,30,0.0,223.5
10679,59,55.0,12,0.0,660.0
10680,16,17.45,50,0.25,654.375
10680,31,12.5,20,0.25,187.5
10680,42,14.0,40,0.25,420.0
10681,19,9.2,30,0.1,248.4
10681,21,10.0,12,0.1,108.0
10681,64,33.25,28,0.0,931.0
10682,33,2.5,30,0.0,75.0
10682,66,17.0,4,0.0,68.0
10682,75,7.75,30,0.0,232.5
10683,52,7.0,9,0.0,63.0
10684,40,18.4,20,0.0,368.0
10684,47,9.5,40,0.0,380.0
10684,60,34.0,30,0.0,1020.0
10685,10,31.0,20,0.0,620.0
10685,41,9.65,4,0.0,38.6
10685,47,9.5,15,0.0,142.5
10686,17,39.0,30,0.2,936.0
10686,26,31.23,15,0.0,468.45
10687,9,97.0,50,0.25,3637.5
10687,29,123.79,10,0.0,1237.9
10687,36,19.0,6,0.25,85.5
10688,10,31.0,18,0.1,502.2
10688,28,45.6,60,0.1,2462.4
10688,34,14.0,14,0.0,196.0
10689,1,18.0,35,0.25,472.5
10690,56,38.0,20,0.25,570.0
10690,77,13.0,30,0.25,292.5
10691,1,18.0,30,0.0,540.0
10691,29,123.79,40,0.0,4951.6
10691,43,46.0,40,0.0,1840.0
10691,44,19.45,24,0.0,466.79999999999995
10691,62,49.3,48,0.0,2366.3999999999996
10692,63,43.9,20,0.0,878.0
10693,9,97.0,6,0.0,582.0
10693,54,7.45,60,0.15,379.95
10693,69,36.0,30,0.15,918.0
10693,73,15.0,15,0.15,191.25
10694,7,30.0,90,0.0,2700.0
10694,59,55.0,25,0.0,1375.0
10694,70,15.0,50,0.0,750.0
10695,8,40.0,10,0.0,400.0
10695,12,38.0,4,0.0,152.0
10695,24,4.5,20,0.0,90.0
10696,17,39.0,20,0.0,780.0
10696,46,12.0,18,0.0,216.0
10697,19,9.2,7,0.25,48.3
10697,35,18.0,9,0.25,121.5
10697,58,13.25,30,0.25,298.125
10697,70,15.0,30,0.25,337.5
10698,11,21.0,15,0.0,315.0
10698,17,39.0,8,0.05,296.4
10698,29,123.79,12,0.05,1411.206
10698,65,21.05,65,0.05,1299.8374999999999
10698,70,15.0,8,0.05,114.0
10699,47,9.5,12,0.0,114.0
10700,1,18.0,5,0.2,72.0
10700,34,14.0,12,0.2,134.4
10700,68,12.5,40,0.2,400.0
10700,71,21.5,60,0.2,1032.0
10701,59,55.0,42,0.15,1963.5
10701,71,21.5,20,0.15,365.5
10701,76,18.0,35,0.15,535.5
10702,3,10.0,6,0.0,60.0
10702,76,18.0,15,0.0,270.0
10703,2,19.0,5,0.0,95.0
10703,59,55.0,35,0.0,1925.0
10703,73,15.0,35,0.0,525.0
10704,4,22.0,6,0.0,132.0
10704,24,4.5,35,0.0,157.5
10704,48,12.75,24,0.0,306.0
10705,31,12.5,20,0.0,250.0
10705,32,32.0,4,0.0,128.0
10706,16,17.45,20,0.0,349.0
10706,43,46.0,24,0.0,1104.0
10706,59,55.0,8,0.0,440.0
10707,55,24.0,21,0.0,504.0
10707,57,19.5,40,0.0,780.0
10707,70,15.0,28,0.15,357.0
10708,5,21.35,4,0.0,85.4
10708,36,19.0,5,0.0,95.0
10709,8,40.0,40,0.0,1600.0
10709,51,53.0,28,0.0,1484.0
10709,60,34.0,10,0.0,340.0
10710,19,9.2,5,0.0,46.0
10710,47,9.5,5,0.0,47.5
10711,19,9.2,12,0.0,110.39999999999999
10711,41,9.65,42,0.0,405.3
10711,53,32.8,120,0.0,3935.9999999999995
10712,53,32.8,3,0.05,93.47999999999999
10712,56,38.0,30,0.0,1140.0
10713,10,31.0,18,0.0,558.0
10713,26,31.23,30,0.0,936.9
10713,45,9.5,110,0.0,1045.0
10713,46,12.0,24,0.0,288.0
10714,2,19.0,30,0.25,427.5
10714,17,39.0,27,0.25,789.75
10714,47,9.5,50,0.25,356.25
10714,56,38.0,18,0.25,513.0
10714,58,13.25,12,0.25,119.25
10715,10,31.0,21,0.0,651.0
10715,71,21.5,30,0.0,645.0
10716,21,10.0,5,0.0,50.0
10716,51,53.0,7,0.0,371.0
10716,61,28.5,10,0.0,285.0
10717,21,10.0,32,0.05,304.0
10717,54,7.45,15,0.0,111.75
10717,69,36.0,25,0.05,855.0
10718,12,38.0,36,0.0,1368.0
10718,16,17.45,20,0.0,349.0
10718,36,19.0,40,0.0,760.0
10718,62,49.3,20,0.0,986.0
10719,18,62.5,12,0.25,562.5
10719,30,25.89,3,0.25,58.2525
10719,54,7.45,40,0.25,223.5
10720,35,18.0,21,0.0,378.0
10720,71,21.5,8,0.0,172.0
10721,44,19.45,50,0.05,923.875
10722,2,19.0,3,0.0,57.0
10722,31,12.5,50,0.0,625.0
10722,68,12.5,45,0.0,562.5
10722,75,7.75,42,0.0,325.5
10723,26,31.23,15,0.0,468.45
10724,10,31.0,16,0.0,496.0
10724,61,28.5,5,0.0,142.5
10725,41,9.65,12,0.0,115.80000000000001
10725,52,7.0,4,0.0,28.0
10725,55,24.0,6,0.0,144.0
10726,4,22.0,25,0.0,550.0
10726,11,21.0,5,0.0,105.0
10727,17,39.0,20,0.05,741.0
10727,56,38.0,10,0.05,361.0
10727,59,55.0,10,0.05,522.5
10728,30,25.89,15,0.0,388.35
10728,40,18.4,6,0.0,110.39999999999999
10728,55,24.0,12,0.0,288.0
10728,60,34.0,15,0.0,510.0
10729,1,18.0,50,0.0,900.0
10729,21,10.0,30,0.0,300.0
10729,50,16.25,40,0.0,650.0
10730,16,17.45,15,0.05,248.6625
10730,31,12.5,3,0.05,35.625
10730,65,21.05,10,0.05,199.975
10731,21,10.0,40,0.05,380.0
10731,51,53.0,30,0.05,1510.5
10732,76,18.0,20,0.0,360.0
10733,14,23.25,16,0.0,372.0
10733,28,45.6,20,0.0,912.0
10733,52,7.0,25,0.0,175.0
10734,6,25.0,30,0.0,750.0
10734,30,25.89,15,0.0,388.35
10734,76,18.0,20,0.0,360.0
10735,61,28.5,20,0.1,513.0
10735,77,13.0,2,0.1,23.400000000000002
10736,65,21.05,40,0.0,842.0
10736,75,7.75,20,0.0,155.0
10737,13,6.0,4,0.0,24.0
10737,41,9.65,12,0.0,115.80000000000001
10738,16,17.45,3,0.0,52.349999999999994
10739,36,19.0,6,0.0,114.0
10739,52,7.0,18,0.0,126.0
10740,28,45.6,5,0.2,182.4
10740,35,18.0,35,0.2,504.0
10740,45,9.5,40,0.2,304.0
10740,56,38.0,14,0.2,425.6
10741,2,19.0,15,0.2,228.0
10742,3,10.0,20,0.0,200.0
10742,60,34.0,50,0.0,1700.0
10742,72,34.8,35,0.0,1218.0
10743,46,12.0,28,0.05,319.2
10744,40,18.4,50,0.2,736.0
10745,18,62.5,24,0.0,1500.0
10745,44,19.45,16,0.0,311.2
10745,59,55.0,45,0.0,2475.0
10745,72,34.8,7,0.0,243.59999999999997
10746,13,6.0,6,0.0,36.0
10746,42,14.0,28,0.0,392.0
10746,62,49.3,9,0.0,443.7
10746,69,36.0,40,0.0,1440.0
10747,31,12.5,8,0.0,100.0
10747,41,9.65,35,0.0,337.75
10747,63,43.9,9,0.0,395.09999999999997
10747,69,36.0,30,0.0,1080.0
10748,23,9.0,44,0.0,396.0
10748,40,18.4,40,0.0,736.0
10748,56,38.0,28,0.0,1064.0
10749,56,38.0,15,0.0,570.0
10749,59,55.0,6,0.0,330.0
10749,76,18.0,10,0.0,180.0
10750,14,23.25,5,0.15,98.8125
10750,45,9.5,40,0.15,323.0
10750,59,55.0,25,0.15,1168.75
10751,26,31.23,12,0.1,337.284
10751,30,25.89,30,0.0,776.7
10751,50,16.25,20,0.1,292.5
10751,73,15.0,15,0.0,225.0
10752,1,18.0,8,0.0,144.0
10752,69,36.0,3,0.0,108.0
10753,45,9.5,4,0.0,38.0
10753,74,10.0,5,0.0,50.0
10754,40,18.4,3,0.0,55.199999999999996
10755,47,9.5,30,0.25,213.75
10755,56,38.0,30,0.25,855.0
10755,57,19.5,14,0.25,204.75
10755,69,36.0,25,0.25,675.0
10756,18,62.5,21,0.2,1050.0
10756,36,19.0,20,0.2,304.0
10756,68,12.5,6,0.2,60.0
10756,69,36.0,20,0.2,576.0
10757,34,14.0,30,0.0,420.0
10757,59,55.0,7,0.0,385.0
10757,62,49.3,30,0.0,1479.0
10757,64,33.25,24,0.0,798.0
10758,26,31.23,20,0.0,624.6
10758,52,7.0,60,0.0,420.0
10758,70,15.0,40,0.0,600.0
10759,32,32.0,10,0.0,320.0
10760,25,14.0,12,0.25,126.0
10760,27,43.9,40,0.0,1756.0
10760,43,46.0,30,0.25,1035.0
10761,25,14.0,35,0.25,367.5
10761,75,7.75,18,0.0,139.5
10762,39,18.0,16,0.0,288.0
10762,47,9.5,30,0.0,285.0
10762,51,53.0,28,0.0,1484.0
10762,56,38.0,60,0.0,2280.0
10763,21,10.0,40,0.0,400.0
10763,22,21.0,6,0.0,126.0
10763,24,4.5,20,0.0,90.0
10764,3,10.0,20,0.1,180.0
10764,39,18.0,130,0.1,2106.0
10765,65,21.05,80,0.1,1515.6000000000001
10766,2,19.0,40,0.0,760.0
10766,7,30.0,35,0.0,1050.0
10766,68,12.5,40,0.0,500.0
10767,42,14.0,2,0.0,28.0
10768,22,21.0,4,0.0,84.0
10768,31,12.5,50,0.0,625.0
10768,60,34.0,15,0.0,510.0
10768,71,21.5,12,0.0,258.0
10769,41,9.65,30,0.05,275.025
10769,52,7.0,15,0.05,99.75
10769,61,28.5,20,0.0,570.0
10769,62,49.3,15,0.0,739.5
10770,11,21.0,15,0.25,236.25
10771,71,21.5,16,0.0,344.0
10772,29,123.79,18,0.0,2228.2200000000003
10772,59,55.0,25,0.0,1375.0
10773,17,39.0,33,0.0,1287.0
10773,31,12.5,70,0.2,700.0
10773,75,7.75,7,0.2,43.400000000000006
10774,31,12.5,2,0.25,18.75
10774,66,17.0,50,0.0,850.0
10775,10,31.0,6,0.0,186.0
10775,67,14.0,3,0.0,42.0
10776,31,12.5,16,0.05,190.0
10776,42,14.0,12,0.05,159.6
10776,45,9.5,27,0.05,243.67499999999998
10776,51,53.0,120,0.05,6042.0
10777,42,14.0,20,0.2,224.0
10778,41,9.65,10,0.0,96.5
10779,16,17.45,20,0.0,349.0
10779,62,49.3,20,0.0,986.0
10780,70,15.0,35,0.0,525.0
10780,77,13.0,15,0.0,195.0
10781,54,7.45,3,0.2,17.880000000000003
10781,56,38.0,20,0.2,608.0
10781,74,10.0,35,0.0,350.0
10782,31,12.5,1,0.0,12.5
10783,31,12.5,10,0.0,125.0
10783,38,263.5,5,0.0,1317.5
10784,36,19.0,30,0.0,570.0
10784,39,18.0,2,0.15,30.599999999999998
10784,72,34.8,30,0.15,887.4
10785,10,31.0,10,0.0,310.0
10785,75,7.75,10,0.0,77.5
10786,8,40.0,30,0.2,960.0
10786,30,25.89,15,0.2,310.68000000000006
10786,75,7.75,42,0.2,260.40000000000003
10787,2,19.0,15,0.05,270.75
10787,29,123.79,20,0.05,2352.01
10788,19,9.2,50,0.05,436.99999999999994
10788,75,7.75,40,0.05,294.5
10789,18,62.5,30,0.0,1875.0
10789,35,18.0,15,0.0,270.0
10789,63,43.9,30,0.0,1317.0
10789,68,12.5,18,0.0,225.0
10790,7,30.0,3,0.15,76.5
10790,56,38.0,20,0.15,646.0
10791,29,123.79,14,0.05,1646.4070000000002
10791,41,9.65,20,0.05,183.35
10792,2,19.0,10,0.0,190.0
10792,54,7.45,3,0.0,22.35
10792,68,12.5,15,0.0,187.5
10793,41,9.65,14,0.0,135.1
10793,52,7.0,8,0.0,56.0
10794,14,23.25,15,0.2,279.0
10794,54,7.45,6,0.2,35.760000000000005
10795,16,17.45,65,0.0,1134.25
10795,17,39.0,35,0.25,1023.75
10796,26,31.23,21,0.2,524.6640000000001
10796,44,19.45,10,0.0,194.5
10796,64,33.25,35,0.2,931.0
10796,69,36.0,24,0.2,691.2
10797,11,21.0,20,0.0,420.0
10798,62,49.3,2,0.0,98.6
10798,72,34.8,10,0.0,348.0
10799,13,6.0,20,0.15,102.0
10799,24,4.5,20,0.15,76.5
10799,59,55.0,25,0.0,1375.0
10800,11,21.0,50,0.1,945.0
10800,51,53.0,10,0.1,477.0
10800,54,7.45,7,0.1,46.935
10801,17,39.0,40,0.25,1170.0
10801,29,123.79,20,0.25,1856.8500000000001
10802,30,25.89,25,0.25,485.4375
10802,51,53.0,30,0.25,1192.5
10802,55,24.0,60,0.25,1080.0
10802,62,49.3,5,0.25,184.875
10803,19,9.2,24,0.05,209.75999999999996
10803,25,14.0,15,0.05,199.5
10803,59,55.0,15,0.05,783.75
10804,10,31.0,36,0.0,1116.0
10804,28,45.6,24,0.0,1094.4
10804,49,20.0,4,0.15,68.0
10805,34,14.0,10,0.0,140.0
10805,38,263.5,10,0.0,2635.0
10806,2,19.0,20,0.25,285.0
10806,65,21.05,2,0.0,42.1
10806,74,10.0,15,0.25,112.5
10807,40,18.4,1,0.0,18.4
10808,56,38.0,20,0.15,646.0
10808,76,18.0,50,0.15,765.0
10809,52,7.0,20,0.0,140.0
10810,13,6.0,7,0.0,42.0
10810,25,14.0,5,0.0,70.0
10810,70,15.0,5,0.0,75.0
10811,19,9.2,15,0.0,138.0
10811,23,9.0,18,0.0,162.0
10811,40,18.4,30,0.0,552.0
10812,31,12.5,16,0.1,180.0
10812,72,34.8,40,0.1,1252.8
10812,77,13.0,20,0.0,260.0
10813,2,19.0,12,0.2,182.4
10813,46,12.0,35,0.0,420.0
10814,41,9.65,20,0.0,193.0
10814,43,46.0,20,0.15,782.0
10814,48,12.75,8,0.15,86.7
10814,61,28.5,30,0.15,726.75
10815,33,2.5,16,0.0,40.0
10816,38,263.5,30,0.05,7509.75
10816,62,49.3,20,0.05,936.6999999999999
10817,26,31.23,40,0.15,1061.82
10817,38,263.5,30,0.0,7905.0
10817,40,18.4,60,0.15,938.4
10817,62,49.3,25,0.15,1047.625
10818,32,32.0,20,0.0,640.0
10818,41,9.65,20,0.0,193.0
10819,43,46.0,7,0.0,322.0
10819,75,7.75,20,0.0,155.0
10820,56,38.0,30,0.0,1140.0
10821,35,18.0,20,0.0,360.0
10821,51,53.0,6,0.0,318.0
10822,62,49.3,3,0.0,147.89999999999998
10822,70,15.0,6,0.0,90.0
10823,11,21.0,20,0.1,378.0
10823,57,19.5,15,0.0,292.5
10823,59,55.0,40,0.1,1980.0
10823,77,13.0,15,0.1,175.5
10824,41,9.65,12,0.0,115.80000000000001
10824,70,15.0,9,0.0,135.0
10825,26,31.23,12,0.0,374.76
10825,53,32.8,20,0.0,656.0
10826,31,12.5,35,0.0,437.5
10826,57,19.5,15,0.0,292.5
10827,10,31.0,15,0.0,465.0
10827,39,18.0,21,0.0,378.0
10828,20,81.0,5,0.0,405.0
10828,38,263.5,2,0.0,527.0
10829,2,19.0,10,0.0,190.0
10829,8,40.0,20,0.0,800.0
10829,13,6.0,10,0.0,60.0
10829,60,34.0,21,0.0,714.0
10830,6,25.0,6,0.0,150.0
10830,39,18.0,28,0.0,504.0
10830,60,34.0,30,0.0,1020.0
10830,68,12.5,24,0.0,300.0
10831,19,9.2,2,0.0,18.4
10831,35,18.0,8,0.0,144.0
10831,38,263.5,8,0.0,2108.0
10831,43,46.0,9,0.0,414.0
10832,13,6.0,3,0.2,14.4
10832,25,14.0,10,0.2,112.0
10832,44,19.45,16,0.2,248.96
10832,64,33.25,3,0.0,99.75
10833,7,30.0,20,0.1,540.0
10833,31,12.5,9,0.1,101.25
10833,53,32.8,9,0.1,265.68
10834,29,123.79,8,0.05,940.804
10834,30,25.89,20,0.05,491.9099999999999
10835,59,55.0,15,0.0,825.0
10835,77,13.0,2,0.2,20.8
10836,22,21.0,52,0.0,1092.0
10836,35,18.0,6,0.0,108.0
10836,57,19.5,24,0.0,468.0
10836,60,34.0,60,0.0,2040.0
10836,64,33.25,30,0.0,997.5
10837,13,6.0,6,0.0,36.0
10837,40,18.4,25,0.0,459.99999999999994
10837,47,9.5,40,0.25,285.0
10837,76,18.0,21,0.25,283.5
10838,1,18.0,4,0.25,54.0
10838,18,62.5,25,0.25,1171.875
10838,36,19.0,50,0.25,712.5
10839,58,13.25,30,0.1,357.75
10839,72,34.8,15,0.1,469.8
10840,25,14.0,6,0.2,67.2
10840,39,18.0,10,0.2,144.0
10841,10,31.0,16,0.0,496.0
10841,56,38.0,30,0.0,1140.0
10841,59,55.0,50,0.0,2750.0
10841,77,13.0,15,0.0,195.0
10842,11,21.0,15,0.0,315.0
10842,43,46.0,5,0.0,230.0
10842,68,12.5,20,0.0,250.0
10842,70,15.0,12,0.0,180.0
10843,51,53.0,4,0.25,159.0
10844,22,21.0,35,0.0,735.0
10845,23,9.0,70,0.1,567.0
10845,35,18.0,25,0.1,405.0
10845,42,14.0,42,0.1,529.2
10845,58,13.25,60,0.1,715.5
10845,64,33.25,48,0.0,1596.0
10846,4,22.0,21,0.0,462.0
10846,70,15.0,30,0.0,450.0
10846,74,10.0,20,0.0,200.0
10847,1,18.0,80,0.2,1152.0
10847,19,9.2,12,0.2,88.32
10847,37,26.0,60,0.2,1248.0
10847,45,9.5,36,0.2,273.6
10847,60,34.0,45,0.2,1224.0
10847,71,21.5,55,0.2,946.0
10848,5,21.35,30,0.0,640.5
10848,9,97.0,3,0.0,291.0
10849,3,10.0,49,0.0,490.0
10849,26,31.23,18,0.15,477.81899999999996
10850,25,14.0,20,0.15,238.0
10850,33,2.5,4,0.15,8.5
10850,70,15.0,30,0.15,382.5
10851,2,19.0,5,0.05,90.25
10851,25,14.0,10,0.05,133.0
10851,57,19.5,10,0.05,185.25
10851,59,55.0,42,0.05,2194.5
10852,2,19.0,15,0.0,285.0
10852,17,39.0,6,0.0,234.0
10852,62,49.3,50,0.0,2465.0
10853,18,62.5,10,0.0,625.0
10854,10,31.0,100,0.15,2635.0
10854,13,6.0,65,0.15,331.5
10855,16,17.45,50,0.0,872.5
10855,31,12.5,14,0.0,175.0
10855,56,38.0,24,0.0,912.0
10855,65,21.05,15,0.15,268.3875
10856,2,19.0,20,0.0,380.0
10856,42,14.0,20,0.0,280.0
10857,3,10.0,30,0.0,300.0
10857,26,31.23,35,0.25,819.7874999999999
10857,29,123.79,10,0.25,928.4250000000001
10858,7,30.0,5,0.0,150.0
10858,27,43.9,10,0.0,439.0
10858,70,15.0,4,0.0,60.0
10859,24,4.5,40,0.25,135.0
10859,54,7.45,35,0.25,195.5625
10859,64,33.25,30,0.25,748.125
10860,51,53.0,3,0.0,159.0
10860,76,18.0,20,0.0,360.0
10861,17,39.0,42,0.0,1638.0
10861,18,62.5,20,0.0,1250.0
10861,21,10.0,40,0.0,400.0
10861,33,2.5,35,0.0,87.5
10861,62,49.3,3,0.0,147.89999999999998
10862,11,21.0,25,0.0,525.0
10862,52,7.0,8,0.0,56.0
10863,1,18.0,20,0.15,306.0
10863,58,13.25,12,0.15,135.15
10864,35,18.0,4,0.0,72.0
10864,67,14.0,15,0.0,210.0
10865,38,263.5,60,0.05,15019.5
10865,39,18.0,80,0.05,1368.0
10866,2,19.0,21,0.25,299.25
10866,24,4.5,6,0.25,20.25
10866,30,25.89,40,0.25,776.6999999999999
10867,53,32.8,3,0.0,98.39999999999999
10868,26,31.23,20,0.0,624.6
10868,35,18.0,30,0.0,540.0
10868,49,20.0,42,0.1,756.0
10869,1,18.0,40,0.0,720.0
10869,11,21.0,10,0.0,210.0
10869,23,9.0,50,0.0,450.0
10869,68,12.5,20,0.0,250.0
10870,35,18.0,3,0.0,54.0
10870,51,53.0,2,0.0,106.0
10871,6,25.0,50,0.05,1187.5
10871,16,17.45,12,0.05,198.92999999999998
10871,17,39.0,16,0.05,592.8
10872,55,24.0,10,0.05,228.0
10872,62,49.3,20,0.05,936.6999999999999
10872,64,33.25,15,0.05,473.8125
10872,65,21.05,21,0.05,419.9475
10873,21,10.0,20,0.0,200.0
10873,28,45.6,3,0.0,136.8
10874,10,31.0,10,0.0,310.0
10875,19,9.2,25,0.0,229.99999999999997
10875,47,9.5,21,0.1,179.55
10875,49,20.0,15,0.0,300.0
10876,46,12.0,21,0.0,252.0
10876,64,33.25,20,0.0,665.0
10877,16,17.45,30,0.25,392.625
10877,18,62.5,25,0.0,1562.5
10878,20,81.0,20,0.05,1539.0
10879,40,18.4,12,0.0,220.79999999999998
10879,65,21.05,10,0.0,210.5
10879,76,18.0,10,0.0,180.0
10880,23,9.0,30,0.2,216.0
10880,61,28.5,30,0.2,684.0
10880,70,15.0,50,0.2,600.0
10881,73,15.0,10,0.0,150.0
10882,42,14.0,25,0.0,350.0
10882,49,20.0,20,0.15,340.0
10882,54,7.45,32,0.15,202.64
10883,24,4.5,8,0.0,36.0
10884,21,10.0,40,0.05,380.0
10884,56,38.0,21,0.05,758.0999999999999
10884,65,21.05,12,0.05,239.97
10885,2,19.0,20,0.0,380.0
10885,24,4.5,12,0.0,54.0
10885,70,15.0,30,0.0,450.0
10885,77,13.0,25,0.0,325.0
10886,10,31.0,70,0.0,2170.0
10886,31,12.5,35,0.0,437.5
10886,77,13.0,40,0.0,520.0
10887,25,14.0,5,0.0,70.0
10888,2,19.0,20,0.0,380.0
10888,68,12.5,18,0.0,225.0
10889,11,21.0,40,0.0,840.0
10889,38,263.5,40,0.0,10540.0
10890,17,39.0,15,0.0,585.0
10890,34,14.0,10,0.0,140.0
10890,41,9.65,14,0.0,135.1
10891,30,25.89,15,0.05,368.9325
10892,59,55.0,40,0.05,2090.0
10893,8,40.0,30,0.0,1200.0
10893,24,4.5,10,0.0,45.0
10893,29,123.79,24,0.0,2970.96
10893,30,25.89,35,0.0,906.15
10893,36,19.0,20,0.0,380.0
10894,13,6.0,28,0.05,159.6
10894,69,36.0,50,0.05,1710.0
10894,75,7.75,120,0.05,883.5
10895,24,4.5,110,0.0,495.0
10895,39,18.0,45,0.0,810.0
10895,40,18.4,91,0.0,1674.3999999999999
10895,60,34.0,100,0.0,3400.0
10896,45,9.5,15,0.0,142.5
10896,56,38.0,16,0.0,608.0
10897,29,123.79,80,0.0,9903.2
10897,30,25.89,36,0.0,932.04
10898,13,6.0,5,0.0,30.0
10899,39,18.0,8,0.15,122.39999999999999
10900,70,15.0,3,0.25,33.75
10901,41,9.65,30,0.0,289.5
10901,71,21.5,30,0.0,645.0
10902,55,24.0,30,0.15,612.0
10902,62,49.3,6,0.15,251.42999999999995
10903,13,6.0,40,0.0,240.0
10903,65,21.05,21,0.0,442.05
10903,68,12.5,20,0.0,250.0
10904,58,13.25,15,0.0,198.75
10904,62,49.3,35,0.0,1725.5
10905,1,18.0,20,0.05,342.0
10906,61,28.5,15,0.0,427.5
10907,75,7.75,14,0.0,108.5
10908,7,30.0,20,0.05,570.0
10908,52,7.0,14,0.05,93.1
10909,7,30.0,12,0.0,360.0
10909,16,17.45,15,0.0,261.75
10909,41,9.65,5,0.0,48.25
10910,19,9.2,12,0.0,110.39999999999999
10910,49,20.0,10,0.0,200.0
10910,61,28.5,5,0.0,142.5
10911,1,18.0,10,0.0,180.0
10911,17,39.0,12,0.0,468.0
10911,67,14.0,15,0.0,210.0
10912,11,21.0,40,0.25,630.0
10912,29,123.79,60,0.25,5570.55
10913,4,22.0,30,0.25,495.0
10913,33,2.5,40,0.25,75.0
10913,58,13.25,15,0.0,198.75
10914,71,21.5,25,0.0,537.5
10915,17,39.0,10,0.0,390.0
10915,33,2.5,30,0.0,75.0
10915,54,7.45,10,0.0,74.5
10916,16,17.45,6,0.0,104.69999999999999
10916,32,32.0,6,0.0,192.0
10916,57,19.5,20,0.0,390.0
10917,30,25.89,1,0.0,25.89
10917,60,34.0,10,0.0,340.0
10918,1,18.0,60,0.25,810.0
10918,60,34.0,25,0.25,637.5
10919,16,17.45,24,0.0,418.79999999999995
10919,25,14.0,24,0.0,336.0
10919,40,18.4,20,0.0,368.0
10920,50,16.25,24,0.0,390.0
10921,35,18.0,10,0.0,180.0
10921,63,43.9,40,0.0,1756.0
10922,17,39.0,15,0.0,585.0
10922,24,4.5,35,0.0,157.5
10923,42,14.0,10,0.2,112.0
10923,43,46.0,10,0.2,368.0
10923,67,14.0,24,0.2,268.8
10924,10,31.0,20,0.1,558.0
10924,28,45.6,30,0.1,1231.2
10924,75,7.75,6,0.0,46.5
10925,36,19.0,25,0.15,403.75
10925,52,7.0,12,0.15,71.39999999999999
10926,11,21.0,2,0.0,42.0
10926,13,6.0,10,0.0,60.0
10926,19,9.2,7,0.0,64.39999999999999
10926,72,34.8,10,0.0,348.0
10927,20,81.0,5,0.0,405.0
10927,52,7.0,5,0.0,35.0
10927,76,18.0,20,0.0,360.0
10928,47,9.5,5,0.0,47.5
10928,76,18.0,5,0.0,90.0
10929,21,10.0,60,0.0,600.0
10929,75,7.75,49,0.0,379.75
10929,77,13.0,15,0.0,195.0
10930,21,10.0,36,0.0,360.0
10930,27,43.9,25,0.0,1097.5
10930,55,24.0,25,0.2,480.0
10930,58,13.25,30,0.2,318.0
10931,13,6.0,42,0.15,214.2
10931,57,19.5,30,0.0,585.0
10932,16,17.45,30,0.1,471.15000000000003
10932,62,49.3,14,0.1,621.18
10932,72,34.8,16,0.0,556.8
10932,75,7.75,20,0.1,139.5
10933,53,32.8,2,0.0,65.6
10933,61,28.5,30,0.0,855.0
10934,6,25.0,20,0.0,500.0
10935,1,18.0,21,0.0,378.0
10935,18,62.5,4,0.25,187.5
10935,23,9.0,8,0.25,54.0
10936,36,19.0,30,0.2,456.0
10937,28,45.6,8,0.0,364.8
10937,34,14.0,20,0.0,280.0
10938,13,6.0,20,0.25,90.0
10938,43,46.0,24,0.25,828.0
10938,60,34.0,49,0.25,1249.5
10938,71,21.5,35,0.25,564.375
10939,2,19.0,10,0.15,161.5
10939,67,14.0,40,0.15,476.0
10940,7,30.0,8,0.0,240.0
10940,13,6.0,20,0.0,120.0
10941,31,12.5,44,0.25,412.5
10941,62,49.3,30,0.25,1109.25
10941,68,12.5,80,0.25,750.0
10941,72,34.8,50,0.0,1739.9999999999998
10942,49,20.0,28,0.0,560.0
10943,13,6.0,15,0.0,90.0
10943,22,21.0,21,0.0,441.0
10943,46,12.0,15,0.0,180.0
10944,11,21.0,5,0.25,78.75
10944,44,19.45,18,0.25,262.575
10944,56,38.0,18,0.0,684.0
10945,13,6.0,20,0.0,120.0
10945,31,12.5,10,0.0,125.0
10946,10,31.0,25,0.0,775.0
10946,24,4.5,25,0.0,112.5
10946,77,13.0,40,0.0,520.0
10947,59,55.0,4,0.0,220.0
10948,50,16.25,9,0.0,146.25
10948,51,53.0,40,0.0,2120.0
10948,55,24.0,4,0.0,96.0
10949,6,25.0,12,0.0,300.0
10949,10,31.0,30,0.0,930.0
10949,17,39.0,6,0.0,234.0
10949,62,49.3,60,0.0,2958.0
10950,4,22.0,5,0.0,110.0
10951,33,2.5,15,0.05,35.625
10951,41,9.65,6,0.05,55.005
10951,75,7.75,50,0.05,368.125
10952,6,25.0,16,0.05,380.0
10952,28,45.6,2,0.0,91.2
10953,20,81.0,50,0.05,3847.5
10953,31,12.5,50,0.05,593.75
10954,16,17.45,28,0.15,415.30999999999995
10954,31,12.5,25,0.15,265.625
10954,45,9.5,30,0.0,285.0
10954,60,34.0,24,0.15,693.6
10955,75,7.75,12,0.2,74.4
10956,21,10.0,12,0.0,120.0
10956,47,9.5,14,0.0,133.0
10956,51,53.0,8,0.0,424.0
10957,30,25.89,30,0.0,776.7
10957,35,18.0,40,0.0,720.0
10957,64,33.25,8,0.0,266.0
10958,5,21.35,20,0.0,427.0
10958,7,30.0,6,0.0,180.0
10958,72,34.8,5,0.0,174.0
10959,75,7.75,20,0.15,131.75
10960,24,4.5,10,0.25,33.75
10960,41,9.65,24,0.0,231.60000000000002
10961,52,7.0,6,0.05,39.9
10961,76,18.0,60,0.0,1080.0
10962,7,30.0,45,0.0,1350.0
10962,13,6.0,77,0.0,462.0
10962,53,32.8,20,0.0,656.0
10962,69,36.0,9,0.0,324.0
10962,76,18.0,44,0.0,792.0
10963,60,34.0,2,0.15,57.8
10964,18,62.5,6,0.0,375.0
10964,38,263.5,5,0.0,1317.5
10964,69,36.0,10,0.0,360.0
10965,51,53.0,16,0.0,848.0
10966,37,26.0,8,0.0,208.0
10966,56,38.0,12,0.15,387.59999999999997
10966,62,49.3,12,0.15,502.8599999999999
10967,19,9.2,12,0.0,110.39999999999999
10967,49,20.0,40,0.0,800.0
10968,12,38.0,30,0.0,1140.0
10968,24,4.5,30,0.0,135.0
10968,64,33.25,4,0.0,133.0
10969,46,12.0,9,0.0,108.0
10970,52,7.0,40,0.2,224.0
10971,29,123.79,14,0.0,1733.0600000000002
10972,17,39.0,6,0.0,234.0
10972,33,2.5,7,0.0,17.5
10973,26,31.23,5,0.0,156.15
10973,41,9.65,6,0.0,57.900000000000006
10973,75,7.75,10,0.0,77.5
10974,63,43.9,10,0.0,439.0
10975,8,40.0,16,0.0,640.0
10975,75,7.75,10,0.0,77.5
10976,28,45.6,20,0.0,912.0
10977,39,18.0,30,0.0,540.0
10977,47,9.5,30,0.0,285.0
10977,51,53.0,10,0.0,530.0
10977,63,43.9,20,0.0,878.0
10978,8,40.0,20,0.15,680.0
10978,21,10.0,40,0.15,340.0
10978,40,18.4,10,0.0,184.0
10978,44,19.45,6,0.15,99.195
10979,7,30.0,18,0.0,540.0
10979,12,38.0,20,0.0,760.0
10979,24,4.5,80,0.0,360.0
10979,27,43.9,30,0.0,1317.0
10979,31,12.5,24,0.0,300.0
10979,63,43.9,35,0.0,1536.5
10980,75,7.75,40,0.2,248.0
10981,38,263.5,60,0.0,15810.0
10982,7,30.0,20,0.0,600.0
10982,43,46.0,9,0.0,414.0
10983,13,6.0,84,0.15,428.4
10983,57,19.5,15,0.0,292.5
10984,16,17.45,55,0.0,959.75
10984,24,4.5,20,0.0,90.0
10984,36,19.0,40,0.0,760.0
10985,16,17.45,36,0.1,565.38
10985,18,62.5,8,0.1,450.0
10985,32,32.0,35,0.1,1008.0
10986,11,21.0,30,0.0,630.0
10986,20,81.0,15,0.0,1215.0
10986,76,18.0,10,0.0,180.0
10986,77,13.0,15,0.0,195.0
10987,7,30.0,60,0.0,1800.0
10987,43,46.0,6,0.0,276.0
10987,72,34.8,20,0.0,696.0
10988,7,30.0,60,0.0,1800.0
10988,62,49.3,40,0.1,1774.8
10989,6,25.0,40,0.0,1000.0
10989,11,21.0,15,0.0,315.0
10989,41,9.65,4,0.0,38.6
10990,21,10.0,65,0.0,650.0
10990,34,14.0,60,0.15,714.0
10990,55,24.0,65,0.15,1326.0
10990,61,28.5,66,0.15,1598.85
10991,2,19.0,50,0.2,760.0
10991,70,15.0,20,0.2,240.0
10991,76,18.0,90,0.2,1296.0
10992,72,34.8,2,0.0,69.6
10993,29,123.79,50,0.25,4642.125
10993,41,9.65,35,0.25,253.3125
10994,59,55.0,18,0.05,940.5
10995,51,53.0,20,0.0,1060.0
10995,60,34.0,4,0.0,136.0
10996,42,14.0,40,0.0,560.0
10997,32,32.0,50,0.0,1600.0
10997,46,12.0,20,0.25,180.0
10997,52,7.0,20,0.25,105.0
10998,24,4.5,12,0.0,54.0
10998,61,28.5,7,0.0,199.5
10998,74,10.0,20,0.0,200.0
10998,75,7.75,30,0.0,232.5
10999,41,9.65,20,0.05,183.35
10999,51,53.0,15,0.05,755.25
10999,77,13.0,21,0.05,259.34999999999997
11000,4,22.0,25,0.25,412.5
11000,24,4.5,30,0.25,101.25
11000,77,13.0,30,0.0,390.0
11001,7,30.0,60,0.0,1800.0
11001,22,21.0,25,0.0,525.0
11001,46,12.0,25,0.0,300.0
11001,55,24.0,6,0.0,144.0
11002,13,6.0,56,0.0,336.0
11002,35,18.0,15,0.15,229.5
11002,42,14.0,24,0.15,285.59999999999997
11002,55,24.0,40,0.0,960.0
11003,1,18.0,4,0.0,72.0
11003,40,18.4,10,0.0,184.0
11003,52,7.0,10,0.0,70.0
11004,26,31.23,6,0.0,187.38
11004,76,18.0,6,0.0,108.0
11005,1,18.0,2,0.0,36.0
11005,59,55.0,10,0.0,550.0
11006,1,18.0,8,0.0,144.0
11006,29,123.79,2,0.25,185.685
11007,8,40.0,30,0.0,1200.0
11007,29,123.79,10,0.0,1237.9
11007,42,14.0,14,0.0,196.0
11008,28,45.6,70,0.05,3032.3999999999996
11008,34,14.0,90,0.05,1197.0
11008,71,21.5,21,0.0,451.5
11009,24,4.5,12,0.0,54.0
11009,36,19.0,18,0.25,256.5
11009,60,34.0,9,0.0,306.0
11010,7,30.0,20,0.0,600.0
11010,24,4.5,10,0.0,45.0
11011,58,13.25,40,0.05,503.5
11011,71,21.5,20,0.0,430.0
11012,19,9.2,50,0.05,436.99999999999994
11012,60,34.0,36,0.05,1162.8
11012,71,21.5,60,0.05,1225.5
11013,23,9.0,10,0.0,90.0
11013,42,14.0,4,0.0,56.0
11013,45,9.5,20,0.0,190.0
11013,68,12.5,2,0.0,25.0
11014,41,9.65,28,0.1,243.18
11015,30,25.89,15,0.0,388.35
11015,77,13.0,18,0.0,234.0
11016,31,12.5,15,0.0,187.5
11016,36,19.0,16,0.0,304.0
11017,3,10.0,25,0.0,250.0
11017,59,55.0,110,0.0,6050.0
11017,70,15.0,30,0.0,450.0
11018,12,38.0,20,0.0,760.0
11018,18,62.5,10,0.0,625.0
11018,56,38.0,5,0.0,190.0
11019,46,12.0,3,0.0,36.0
11019,49,20.0,2,0.0,40.0
11020,10,31.0,24,0.15,632.4
11021,2,19.0,11,0.25,156.75
11021,20,81.0,15,0.0,1215.0
11021,26,31.23,63,0.0,1967.49
11021,51,53.0,44,0.25,1749.0
11021,72,34.8,35,0.0,1218.0
11022,19,9.2,35,0.0,322.0
11022,69,36.0,30,0.0,1080.0
11023,7,30.0,4,0.0,120.0
11023,43,46.0,30,0.0,1380.0
11024,26,31.23,12,0.0,374.76
11024,33,2.5,30,0.0,75.0
11024,65,21.05,21,0.0,442.05
11024,71,21.5,50,0.0,1075.0
11025,1,18.0,10,0.1,162.0
11025,13,6.0,20,0.1,108.0
11026,18,62.5,8,0.0,500.0
11026,51,53.0,10,0.0,530.0
11027,24,4.5,30,0.25,101.25
11027,62,49.3,21,0.25,776.4749999999999
11028,55,24.0,35,0.0,840.0
11028,59,55.0,24,0.0,1320.0
11029,56,38.0,20,0.0,760.0
11029,63,43.9,12,0.0,526.8
11030,2,19.0,100,0.25,1425.0
11030,5,21.35,70,0.0,1494.5
11030,29,123.79,60,0.25,5570.55
11030,59,55.0,100,0.25,4125.0
11031,1,18.0,45,0.0,810.0
11031,13,6.0,80,0.0,480.0
11031,24,4.5,21,0.0,94.5
11031,64,33.25,20,0.0,665.0
11031,71,21.5,16,0.0,344.0
11032,36,19.0,35,0.0,665.0
11032,38,263.5,25,0.0,6587.5
11032,59,55.0,30,0.0,1650.0
11033,53,32.8,70,0.1,2066.4
11033,69,36.0,36,0.1,1166.4
11034,21,10.0,15,0.1,135.0
11034,44,19.45,12,0.0,233.39999999999998
11034,61,28.5,6,0.0,171.0
11035,1,18.0,10,0.0,180.0
11035,35,18.0,60,0.0,1080.0
11035,42,14.0,30,0.0,420.0
11035,54,7.45,10,0.0,74.5
11036,13,6.0,7,0.0,42.0
11036,59,55.0,30,0.0,1650.0
11037,70,15.0,4,0.0,60.0
11038,40,18.4,5,0.2,73.60000000000001
11038,52,7.0,2,0.0,14.0
11038,71,21.5,30,0.0,645.0
11039,28,45.6,20,0.0,912.0
11039,35,18.0,24,0.0,432.0
11039,49,20.0,60,0.0,1200.0
11039,57,19.5,28,0.0,546.0
11040,21,10.0,20,0.0,200.0
11041,2,19.0,30,0.2,456.0
11041,63,43.9,30,0.0,1317.0
11042,44,19.45,15,0.0,291.75
11042,61,28.5,4,0.0,114.0
11043,11,21.0,10,0.0,210.0
11044,62,49.3,12,0.0,591.5999999999999
11045,33,2.5,15,0.0,37.5
11045,51,53.0,24,0.0,1272.0
11046,12,38.0,20,0.05,722.0
11046,32,32.0,15,0.05,456.0
11046,35,18.0,18,0.05,307.8
11047,1,18.0,25,0.25,337.5
11047,5,21.35,30,0.25,480.375
11048,68,12.5,42,0.0,525.0
11049,2,19.0,10,0.2,152.0
11049,12,38.0,4,0.2,121.60000000000001
11050,76,18.0,50,0.1,810.0
11051,24,4.5,10,0.2,36.0
11052,43,46.0,30,0.2,1104.0
11052,61,28.5,10,0.2,228.0
11053,18,62.5,35,0.2,1750.0
11053,32,32.0,20,0.0,640.0
11053,64,33.25,25,0.2,665.0
11054,33,2.5,10,0.0,25.0
11054,67,14.0,20,0.0,280.0
11055,24,4.5,15,0.0,67.5
11055,25,14.0,15,0.0,210.0
11055,51,53.0,20,0.0,1060.0
11055,57,19.5,20,0.0,390.0
11056,7,30.0,40,0.0,1200.0
11056,55,24.0,35,0.0,840.0
11056,60,34.0,50,0.0,1700.0
11057,70,15.0,3,0.0,45.0
11058,21,10.0,3,0.0,30.0
11058,60,34.0,21,0.0,714.0
11058,61,28.5,4,0.0,114.0
11059,13,6.0,30,0.0,180.0
11059,17,39.0,12,0.0,468.0
11059,60,34.0,35,0.0,1190.0
11060,60,34.0,4,0.0,136.0
11060,77,13.0,10,0.0,130.0
11061,60,34.0,15,0.0,510.0
11062,53,32.8,10,0.2,262.40000000000003
11062,70,15.0,12,0.2,144.0
11063,34,14.0,30,0.0,420.0
11063,40,18.4,40,0.1,662.4
11063,41,9.65,30,0.1,260.55
11064,17,39.0,77,0.1,2702.7000000000003
11064,41,9.65,12,0.0,115.80000000000001
11064,53,32.8,25,0.1,737.9999999999999
11064,55,24.0,4,0.1,86.4
11064,68,12.5,55,0.0,687.5
11065,30,25.89,4,0.25,77.67
11065,54,7.45,20,0.25,111.75
11066,16,17.45,3,0.0,52.349999999999994
11066,19,9.2,42,0.0,386.4
11066,34,14.0,35,0.0,490.0
11067,41,9.65,9,0.0,86.85000000000001
11068,28,45.6,8,0.15,310.08
11068,43,46.0,36,0.15,1407.6
11068,77,13.0,28,0.15,309.4
11069,39,18.0,20,0.0,360.0
11070,1,18.0,40,0.15,612.0
11070,2,19.0,20,0.15,323.0
11070,16,17.45,30,0.15,444.97499999999997
11070,31,12.5,20,0.0,250.0
11071,7,30.0,15,0.05,427.5
11071,13,6.0,10,0.05,57.0
11072,2,19.0,8,0.0,152.0
11072,41,9.65,40,0.0,386.0
11072,50,16.25,22,0.0,357.5
11072,64,33.25,130,0.0,4322.5
11073,11,21.0,10,0.0,210.0
11073,24,4.5,20,0.0,90.0
11074,16,17.45,14,0.05,232.08499999999998
11075,2,19.0,10,0.15,161.5
11075,46,12.0,30,0.15,306.0
11075,76,18.0,2,0.15,30.599999999999998
11076,6,25.0,20,0.25,375.0
11076,14,23.25,20,0.25,348.75
11076,19,9.2,10,0.25,69.0
11077,2,19.0,24,0.2,364.8
11077,3,10.0,4,0.0,40.0
11077,4,22.0,1,0.0,22.0
11077,6,25.0,1,0.02,24.5
11077,7,30.0,1,0.05,28.5
11077,8,40.0,2,0.1,72.0
11077,10,31.0,1,0.0,31.0
11077,12,38.0,2,0.05,72.2
11077,13,6.0,4,0.0,24.0
11077,14,23.25,1,0.03,22.5525
11077,16,17.45,2,0.03,33.852999999999994
11077,20,81.0,1,0.04,77.75999999999999
11077,23,9.0,2,0.0,18.0
11077,32,32.0,1,0.0,32.0
11077,39,18.0,2,0.05,34.199999999999996
11077,41,9.65,3,0.0,28.950000000000003
11077,46,12.0,3,0.02,35.28
11077,52,7.0,2,0.0,14.0
11077,55,24.0,2,0.0,48.0
11077,60,34.0,2,0.06,63.919999999999995
11077,64,33.25,2,0.03,64.505
11077,66,17.0,1,0.0,17.0
11077,73,15.0,2,0.01,29.7
11077,75,7.75,4,0.0,31.0
11077,77,13.0,2,0.0,26.0
